,reddit_id,title,score,ratio,num_comments,chapter_nb,timestamp
0,apksu,Chapter 570 is out!,5,1.0,5,570,2010-01-14 16:06:42
1,as4ua,Chapter 571 is out!,4,1.0,5,571,2010-01-21 00:48:35
2,av0b5,Chapter 572 is out!,3,0.81,2,572,2010-01-28 02:47:18
3,ay7bb,Chapter 573 (a bit higher quality) is out!,5,1.0,0,573,2010-02-05 00:19:27
4,b0gz9,One Piece 574 by JumpSpirit is out!,9,1.0,6,574,2010-02-10 19:19:22
5,b3b18,One Piece 575 by MangaStream is out,8,0.91,5,575,2010-02-17 22:24:55
6,b8y1d,Chapter 567 by Mangastream and Binktopia is out!,6,1.0,2,576,2010-03-04 01:41:59
7,bbpgy,One Piece 577 by Binktopia and Mangastream is out,6,1.0,2,577,2010-03-10 19:08:41
8,bemjm,One Piece 578 by Binktopia and Mangastream,5,1.0,1,578,2010-03-17 18:37:18
9,bhq8d,One Piece 579 by Binktopia and Mangastream,6,1.0,4,579,2010-03-24 20:33:42
10,bktea,One Piece 580 by Binktopia and Mangastream,8,1.0,0,580,2010-03-31 21:13:57
11,bqwsy,One Piece 581 by Binktopia and Mangastream,10,0.99,1,581,2010-04-14 20:28:04
12,bu958,One Piece 582 by Binktopia and Mangastream,7,0.82,2,582,2010-04-21 21:13:02
13,bz76t,One Piece 583 by thefolenangel,7,1.0,1,583,2010-05-03 02:36:12
14,bz76t,One Piece 583 by thefolenangel,7,1.0,1,584,2010-05-03 02:36:12
15,c62nb,One Piece 585 by Binktopia and Mangastream,6,1.0,0,585,2010-05-19 23:37:06
16,c8f7e,One Piece 586 by Binktopia and Mangastream,6,1.0,0,586,2010-05-26 22:26:24
17,casr3,One Piece 587 by Binktopia and Mangastream,6,0.88,3,587,2010-06-03 00:27:28
18,cd9o5,One Piece Chapter 588 by Mangastream and Binktopia [No Chapter Next Week],5,0.86,4,588,2010-06-09 21:59:24
19,cid9q,One Piece 589 by Binktopia and Mangastream,5,0.86,3,589,2010-06-24 03:13:54
20,ckrso,One Piece 590 by Binktopia and Mangastream,6,1.0,3,590,2010-07-01 04:15:31
21,cn1hx,One Piece 591 by Binktopia and Mangastream,3,0.81,5,591,2010-07-07 23:40:16
22,cq1d0,One Piece 591 by Binktopia and Mangastream,8,1.0,11,592,2010-07-15 22:44:23
23,cs6nx,OnePiece Chapter 593,9,1.0,3,593,2010-07-21 22:14:58
24,cv5ii,One Piece Chapter 594 by Mangastream,11,0.93,3,594,2010-07-29 19:23:41
25,cxmbd,OnePiece 595!,10,1.0,6,595,2010-08-05 09:25:55
26,d2t2e,One Piece 596 by Binktopia and Mangastream,8,0.8,5,596,2010-08-19 02:48:12
27,d5iig,One Piece 597 by Mangastream,9,0.86,6,597,2010-08-26 03:30:56
28,dkzrv,598- ITS HERE!,24,0.96,27,598,2010-09-30 15:32:31
29,dnp6y,Chapter 599 by Binktopia and Mangastream,20,0.96,27,599,2010-10-06 20:54:41
30,dr4ci,One Piece Chapter 600!,16,0.95,8,600,2010-10-14 13:46:55
31,du9zk,One Piece 601,17,0.96,14,601,2010-10-21 10:23:15
32,dx7jx,One Piece 602,14,0.9,9,602,2010-10-27 17:26:45
33,e02t2,Chapter 603 by Binktopia and Mangastream,17,1.0,19,603,2010-11-02 16:16:32
34,e42c1,Chapter 604! Enjoy.,21,1.0,21,604,2010-11-10 16:37:23
35,eb8y5,Chapter 605 by Binktopia and Mangastream,15,0.94,15,605,2010-11-24 20:08:04
36,ef156,One Piece 606 [MANGA],15,0.91,3,606,2010-12-02 12:53:32
37,eivha,One Piece 607,17,1.0,2,607,2010-12-09 12:26:05
38,embcj,One Piece 608 by Binktopia and Mangastream,14,1.0,7,608,2010-12-15 18:29:08
39,erbp9,One Piece 609,16,0.95,11,609,2010-12-25 17:37:29
40,f10gp,One Piece chapter 610!,22,1.0,10,610,2011-01-12 19:01:20
41,f5yq8,One Piece 611 by Binktopia and Mangastream,21,0.93,6,611,2011-01-20 19:56:57
42,f9iwh,One Piece 612 by Binktopia and Mangastream,17,1.0,6,612,2011-01-26 20:14:16
43,fdvug,One Piece 613,28,0.97,15,613,2011-02-02 17:41:24
44,fi8y9,OnePiece 614,26,0.95,10,614,2011-02-09 21:33:04
45,fnbrv,One Piece 615 by Binktopia and Mangastream,14,0.84,3,615,2011-02-17 18:52:20
46,fr1rz,Chapter 616! Enjoy.,22,0.96,26,616,2011-02-23 15:38:01
47,g0j3v,One Piece 617,24,0.93,5,617,2011-03-09 17:57:26
48,g5dr8,One Piece 618 by Binktopia and Mangastream,16,0.94,19,618,2011-03-16 21:13:48
49,geqjb,One Piece 619,23,1.0,22,619,2011-03-30 16:59:04
50,gjvvh,One Piece 620,27,0.97,20,620,2011-04-06 15:21:46
51,gug9m,One Piece 622,24,1.0,12,621,2011-04-20 15:50:47
52,gug9m,One Piece 622,23,1.0,12,622,2011-04-20 15:50:47
53,h11i0,One Piece 623,19,0.96,13,623,2011-04-30 23:52:26
54,h8xje,One Piece 624 [MANGA],25,0.92,8,624,2011-05-11 15:59:08
55,he9pm,One Piece Chapter 625,19,0.96,10,625,2011-05-18 17:40:17
56,hjr5y,One Piece 626,19,0.85,26,626,2011-05-25 15:14:55
57,hp4fy,One Piece chapter 627,20,0.92,8,627,2011-06-01 17:20:28
58,i0c1s,Chapter 628,17,0.87,17,628,2011-06-15 16:47:05
59,i65h0,One Piece 629,20,0.88,16,629,2011-06-22 14:52:33
60,ica9f,One Piece Chapter 630: Guest Starring A Sea Bear,12,0.84,22,630,2011-06-29 15:45:55
61,ii4zu,Chapter 631. Enjoy!,12,0.81,17,631,2011-07-06 16:47:16
62,iniyd,One Piece - Chapter 632,17,0.88,19,632,2011-07-12 18:22:36
63,j1928,One Piece Chapter 633,27,0.88,35,633,2011-07-27 18:03:23
64,j7r8f,One Piece - Chapter 634,27,0.88,74,634,2011-08-03 16:36:20
65,jlqxs,One Piece Chap. 635,31,0.91,62,635,2011-08-17 18:50:27
66,jt6i2,One Piece - Chapter 636,28,0.91,45,636,2011-08-24 21:25:17
67,k06t1,One Piece 637 - Read Online at Manga Stream,38,0.92,27,637,2011-08-31 16:05:32
68,k7pd2,One Piece Chapter 638 - MangaStream,42,0.98,18,638,2011-09-07 18:08:19
69,kebq9,One Piece Chapter 639 [mangastream],26,0.86,19,639,2011-09-13 18:08:23
70,kmxq4,One Piece Chapter 640,24,0.88,30,640,2011-09-21 19:40:48
71,l1j1x,One Piece 641,51,1.0,56,641,2011-10-05 10:37:48
72,l9j42,One Piece 642,52,0.96,51,642,2011-10-12 15:40:20
73,lhfrd,One Piece 643 is out!,33,0.9,96,643,2011-10-19 15:08:55
74,lqxfy,One Piece 644,48,0.91,75,644,2011-10-27 15:35:51
75,lxjem,Ch. 645 up on Mangastream,37,0.92,80,645,2011-11-02 10:51:41
76,mer8m,One Piece 646 - Manga Stream,65,0.96,128,646,2011-11-16 21:05:15
77,mmeac,One Piece 647,42,0.94,77,647,2011-11-23 06:15:43
78,musqp,One Piece chapter 648,81,0.98,240,648,2011-11-30 16:37:53
79,n3vrd,One Piece MANGA 649,41,0.98,79,649,2011-12-07 14:30:41
80,ncbi6,One Piece 650 - Mangareader,74,0.94,202,650,2011-12-14 13:31:03
81,nr4gg,One Piece 651,82,0.98,207,651,2011-12-26 14:04:04
82,oce48,Chapter 652's out,75,0.94,233,652,2012-01-11 16:04:47
83,omahn,OP Chapter 653 is out!,24,0.87,78,653,2012-01-18 12:52:48
84,ovxzt,OP Chapter 654 is out,57,0.97,106,654,2012-01-25 12:33:29
85,p61yu,One Piece 655 is here!,85,0.97,187,655,2012-02-01 13:43:34
86,pg189,Chapter 656 out!,78,0.98,162,656,2012-02-08 09:39:52
87,pqmlb,One Piece Chapter 657,74,0.89,205,657,2012-02-15 13:44:37
88,qb9hp,One Piece Chapter 658,101,0.96,154,658,2012-02-29 14:23:46
89,qlnol,One Piece 659 out on mangahere,0,0.5,2,659,2012-03-07 13:42:34
90,qw23o,[deleted by user],124,0.96,220,660,2012-03-14 13:02:15
91,r6nhu,ONE PIECE 661,97,0.96,272,661,2012-03-21 13:37:29
92,rhdwk,One Piece 662,150,0.99,387,662,2012-03-28 13:02:19
93,s47co,One Piece 663,0,0.45,7,663,2012-04-11 14:02:02
94,sfvta,One Piece 664 ,85,0.94,226,664,2012-04-18 14:11:23
95,swmqq,One Piece 665,114,0.95,133,665,2012-04-28 11:41:45
96,telb9,666 on Managapanda,78,0.9,152,666,2012-05-09 14:25:47
97,tqd5s,Chapter 667 out on Mangastream!,164,0.96,251,667,2012-05-16 21:02:10
98,u0xc5,[deleted by user],142,0.95,346,668,2012-05-23 14:58:24
99,ubyg6,One Piece 669 on MangaPanda,109,0.96,230,669,2012-05-30 13:20:20
100,unqzs,One Piece 670 on MangaPanda,107,0.97,156,670,2012-06-06 12:31:14
101,uzk9w,One Piece 671 Scanlation by Mangateers!,118,0.98,184,671,2012-06-13 11:05:55
102,vobe3,One Piece 672 on MangaPanda,80,0.93,241,672,2012-06-27 09:16:12
103,w0xks,One Piece 673 on MangaPanda!,42,0.62,201,673,2012-07-04 11:49:01
104,wbqat,One Piece 674,89,0.9,241,674,2012-07-10 15:05:39
105,x4jxp,One Piece 675 on MangaPanda,69,0.91,174,675,2012-07-25 13:12:20
106,xi2j4,One Piece Chapter 676 on MangaInn!,61,0.83,153,676,2012-08-01 13:51:52
107,ye60p,Chapter 677  - Mangarule (More accurate translation),16,0.81,14,677,2012-08-17 21:51:28
108,ys5l7,Chapter 678 Mangarule,2,0.58,7,678,2012-08-25 01:46:50
109,z0ohx,Chapter 679!,98,0.95,244,679,2012-08-29 15:31:19
110,zdxnv,One Piece Chapter 680,108,0.97,279,680,2012-09-05 12:16:18
111,zpb5x,One Piece Chapter 681,105,0.98,263,681,2012-09-11 13:00:58
112,104l4a,One Piece Chapter 682,78,0.95,215,682,2012-09-19 09:51:19
113,10t6nh,One Piece Chapter 683,98,0.95,286,683,2012-10-02 12:38:52
114,118rfy,One Piece Chapter 684,83,0.96,244,684,2012-10-10 10:11:38
115,11mffc,One Piece Chapter 685,101,0.99,348,685,2012-10-17 11:32:17
116,11zud8,One Piece Chapter 686,111,0.97,301,686,2012-10-24 08:59:51
117,12bwjg,One Piece - Chapter 687,99,0.98,355,687,2012-10-30 10:17:49
118,12se1y,One Piece - Chapter 688,72,0.94,195,688,2012-11-07 09:29:30
119,13i7vm,One Piece - Chapter 689,133,0.99,342,689,2012-11-20 13:11:40
120,13xcyt,One Piece 690!,193,1.0,514,690,2012-11-28 10:07:22
121,14bc2h,One Piece 691,115,0.99,345,691,2012-12-05 09:35:20
122,14pxek,One Piece Chapter 692,132,0.99,387,692,2012-12-12 11:33:11
123,151ui6,One Piece 693!,84,0.96,230,693,2012-12-18 14:45:54
124,15i9z5,One Piece 694!,145,0.99,425,694,2012-12-27 07:17:52
125,16ohym,One Piece 695!,211,0.98,482,695,2013-01-16 12:29:26
126,1742un,One Piece 696!,184,0.99,455,696,2013-01-23 09:05:17
127,17k0f1,One Piece 697!,164,0.98,404,697,2013-01-30 11:49:25
128,17xddr,One Piece 698!,194,0.96,544,698,2013-02-05 11:22:28
129,18vr1n,One Piece Chapter 699,237,0.99,514,699,2013-02-20 12:48:43
130,19bhb2,One Piece 700,295,0.98,781,700,2013-02-27 09:54:27
131,19rqjk,One Piece 701!,158,0.99,470,701,2013-03-06 12:18:24
132,1al1bs,One Piece 702,179,0.99,419,702,2013-03-19 10:23:19
133,1b3on5,One Piece 703!,151,1.0,495,703,2013-03-27 10:33:16
134,1bkuzu,One Piece 704!,187,0.99,596,704,2013-04-03 12:05:22
135,1c2hhf,One Piece 705!,211,0.99,552,705,2013-04-10 17:48:25
136,1cizbj,One Piece Chapter 706,164,0.94,590,706,2013-04-17 13:48:45
137,1cxf9w,One Piece 707,164,0.98,387,707,2013-04-23 12:45:14
138,1dxa7p,One Piece 708,185,0.91,349,708,2013-05-08 12:25:32
139,1edgsn,One Piece 709,151,0.97,413,709,2013-05-15 11:27:02
140,1fpqrp,One Piece 710,207,0.98,425,710,2013-06-05 13:20:34
141,1g6r2x,One Piece 711,156,0.97,483,711,2013-06-12 12:05:25
142,1h3llm,One Piece 712,184,0.98,401,712,2013-06-26 12:08:24
143,1hk2he,One Piece 713,161,0.96,429,713,2013-07-03 10:48:59
144,1hx9tr,One Piece 714,149,0.98,433,714,2013-07-09 10:20:32
145,1ih0u9,One Piece 715,140,0.99,310,715,2013-07-17 09:22:21
146,1jemn2,One Piece - Chapter 716,200,0.98,277,716,2013-07-31 08:25:41
147,1jvb30,One Piece Chapter 717,197,0.96,379,717,2013-08-07 09:02:35
148,1kso6p,One Piece - Chapter 718 *Updated*,108,0.98,186,718,2013-08-21 12:15:19
149,1l90vt,One Piece 719,172,0.95,353,719,2013-08-28 11:42:52
150,1lpglw,One Piece - Chapter 720,245,0.98,480,720,2013-09-04 12:42:41
151,1m3hox,One Piece 721,163,0.93,334,721,2013-09-10 12:13:09
152,1n3bjc,One Piece - Chapter 722,178,0.96,455,722,2013-09-25 10:45:23
153,1nkzcf,One Piece - Chapter 723,219,0.97,538,723,2013-10-02 16:08:00
154,1nyz41,One Piece - Chapter 724,200,0.97,553,724,2013-10-08 10:03:16
155,1ok913,One Piece - Chapter 725,169,0.98,409,725,2013-10-16 10:39:21
156,1pgf11,One Piece - Chapter 726,163,0.97,263,726,2013-10-29 11:21:57
157,1q0mfq,One Piece - Chapter 727,168,0.98,391,727,2013-11-06 10:45:01
158,1qj2or,One Piece - Chapter 728,172,0.95,365,728,2013-11-13 12:25:27
159,1r1pr7,One Piece Chapter 729,282,0.97,602,729,2013-11-20 09:09:07
160,1s064n,One Piece Chapter 730,405,0.97,706,730,2013-12-03 18:16:57
161,1sl3u5,One Piece Chapter 731,1252,0.97,1467,731,2013-12-10 23:55:30
162,1t33dk,One Piece Chapter 732,229,0.94,459,732,2013-12-17 13:52:55
163,1to1lq,One Piece Chapter 733,187,0.98,398,733,2013-12-25 11:42:47
164,1v9nu8,One Piece: Chapter 734,256,0.95,688,734,2014-01-15 12:18:15
165,1vu7ur,One Piece: Chapter 735,250,0.97,625,735,2014-01-22 09:45:57
166,1wgem9,One Piece: Chapter 736,245,0.95,624,736,2014-01-29 11:12:00
167,1x2chr,One Piece: Chapter 737,265,0.97,652,737,2014-02-05 08:25:57
168,1ybuia,One Piece Chapter 738,191,0.97,401,738,2014-02-19 09:51:03
169,1yz4d3,One Piece - Chapter 739,199,0.96,482,739,2014-02-26 09:36:51
170,1zm2hm,One Piece - Chapter 740,209,0.97,504,740,2014-03-05 09:48:36
171,207wo8,One Piece: Chapter 741,187,0.96,565,741,2014-03-12 11:29:11
172,21egd9,One Piece: Chapter 742,292,0.98,889,742,2014-03-26 10:13:06
173,21zypp,One Piece: Chapter 743,414,0.95,1063,743,2014-04-02 10:18:15
174,22lazb,One Piece: Chapter 744,630,0.95,1049,744,2014-04-09 09:45:04
175,23qzjs,One Piece: Chapter 745,298,0.97,977,745,2014-04-23 08:33:36
176,24xq69,One Piece: Chapter 746,312,0.95,832,746,2014-05-07 10:00:43
177,25ispy,One Piece: Chapter 747,219,0.95,554,747,2014-05-14 09:46:55
178,263qtw,One Piece: Chapter 748,258,0.97,624,748,2014-05-21 09:59:00
179,26ofvr,One Piece: Chapter 749,227,0.96,565,749,2014-05-28 09:31:54
180,28fzo8,One Piece: Chapter 750,255,0.97,527,750,2014-06-18 10:07:21
181,291ih8,One Piece: Chapter 751,228,0.97,629,751,2014-06-25 10:15:06
182,29mwh1,One Piece: Chapter 752,209,0.96,451,752,2014-07-02 10:27:06
183,2arbzy,One Piece: Chapter 753,220,0.94,344,753,2014-07-15 15:04:20
184,2bhckd,One Piece: Chapter 754,270,0.95,628,754,2014-07-23 11:37:06
185,2c4gmx,One Piece: Chapter 755,189,0.97,387,755,2014-07-30 09:55:13
186,2crxte,One Piece: Chapter 756,192,0.97,512,756,2014-08-06 12:30:00
187,2e2a3o,One Piece: Chapter 757,223,0.97,436,757,2014-08-20 09:35:07
188,2etq0e,One Piece: Chapter 758,430,0.96,992,758,2014-08-28 16:34:19
189,2fg6qr,One Piece: Chapter 759,369,0.94,734,759,2014-09-04 14:44:27
190,2fzvvt,One Piece: Chapter 760,223,0.96,668,760,2014-09-10 13:25:06
191,2gr3i2,One Piece: Chapter 761,216,0.96,534,761,2014-09-18 13:23:36
192,2i30vp/,One Piece: Chapter 762,238,0.95,719,762,2014-10-02 14:15:21
193,2ink46/,One Piece: Chapter 763,376,0.95,809,763,2014-10-08 14:24:00
194,2jet56/,One Piece: Chapter 764,339,0.94,780,764,2014-10-16 14:13:25
195,2k37aw/,One Piece: Chapter 765,237,0.96,514,765,2014-10-23 14:10:26
196,2lh13t/,One Piece: Chapter 766,318,0.96,507,766,2014-11-06 14:52:39
197,2m63xl/,One Piece: Chapter 767,332,0.95,670,767,2014-11-13 11:07:23
198,2mriwa/,One Piece: Chapter 768,272,0.95,544,768,2014-11-19 13:06:53
199,2nkgrj,One Piece: Chapter 769,285,0.96,627,769,2014-11-27 11:18:26
200,2oyp4m/,One Piece: Chapter 770,257,0.94,599,770,2014-12-11 12:08:16
201,2po62y/,One Piece: Chapter 771,278,0.96,643,771,2014-12-18 11:03:18
202,2qfrkf/,One Piece: Chapter 772,260,0.96,405,772,2014-12-26 11:27:12
203,2sia5n/,One Piece: Chapter 773,467,0.93,772,773,2015-01-15 12:58:06
204,2t9v5e/,One Piece: Chapter 774,235,0.95,556,774,2015-01-22 10:16:47
205,2u2h24/,One Piece: Chapter 775,459,0.96,689,775,2015-01-29 11:17:19
206,2vn0um,One Piece: Chapter 776,294,0.97,507,776,2015-02-12 11:09:47
207,2weubd,One Piece: Chapter 777,361,0.96,581,777,2015-02-19 09:26:16
208,2x7rcg,One Piece: Chapter 778,511,0.97,1020,778,2015-02-26 09:33:23
209,2weubd,One Piece: Chapter 777,368,0.96,581,779,2015-02-19 09:26:16
210,2zk3xe,One Piece: Chapter 780,453,0.96,833,780,2015-03-19 06:50:46
211,30co9y,One Piece: Chapter 781,588,0.96,1037,781,2015-03-26 08:55:17
212,316e6k,One Piece: Chapter 782,379,0.93,940,782,2015-04-02 12:25:15
213,31zd3s,One Piece: Chapter 783,1357,0.93,1427,783,2015-04-09 11:58:22
214,33kmhb,One Piece: Chapter 784,1594,0.93,1823,784,2015-04-23 09:47:29
215,355dhm,One Piece: Chapter 785,631,0.96,1395,785,2015-05-07 08:27:16
216,35x9ew,One Piece: Chapter 786,480,0.94,1138,786,2015-05-14 09:34:21
217,36qaus,One Piece: Chapter 787,455,0.95,960,787,2015-05-21 09:23:24
218,37kf6j,One Piece: Chapter 788,385,0.94,1025,788,2015-05-28 09:24:22
219,38hplb,One Piece: Chapter 789,451,0.95,927,789,2015-06-04 09:56:00
220,3a9cvr,One Piece: Chapter 790,831,0.93,1157,790,2015-06-18 09:00:01
221,3b1ohy,One Piece Chapter 791,466,0.95,707,791,2015-06-25 08:36:53
222,3budrz,One Piece Chapter 792,502,0.94,1015,792,2015-07-02 07:55:59
223,3cnlx7,One Piece: Chapter 793,796,0.93,1643,793,2015-07-09 10:28:13
224,3dd3rr,One Piece Chapter 794,693,0.96,1079,794,2015-07-15 11:28:14
225,3f4iu0,One Piece: Chapter 795,1361,0.94,1861,795,2015-07-30 07:08:01
226,3fyvw3,One Piece: Chapter 796,453,0.95,1000,796,2015-08-06 07:02:13
227,3homkb,One Piece Chapter 797,419,0.94,892,797,2015-08-20 07:26:25
228,3ik6nq,One Piece: Chapter 798,623,0.94,862,798,2015-08-27 06:45:37
229,3jgdla,One Piece Chapter 799,1486,0.93,1985,799,2015-09-03 07:23:44
230,3l4zh1,One Piece: Chapter 800,960,0.94,1161,800,2015-09-16 07:50:13
231,3m61x0,One Piece: Chapter 801,1217,0.92,2110,801,2015-09-24 08:00:12
232,3n2jfk,One Piece: Chapter 802,682,0.93,1739,802,2015-10-01 07:57:45
233,3nt0e3,One Piece: Chapter 803,653,0.94,1203,803,2015-10-07 07:21:40
234,3pqou0,One Piece: Chapter 804,513,0.92,1028,804,2015-10-22 08:19:13
235,3qo3er,One Piece: Chapter 805,509,0.95,1072,805,2015-10-29 06:54:21
236,3rlc2a,One Piece: Chapter 806,548,0.94,1320,806,2015-11-05 06:05:31
237,3tf0n9,One Piece: Chapter 807,472,0.89,909,807,2015-11-19 11:20:56
238,3ufyng,One Piece: Chapter 808,510,0.96,953,808,2015-11-27 08:46:33
239,3vcfai,One Piece: Chapter 809,582,0.96,959,809,2015-12-04 00:28:23
240,3x83rl,One Piece Chapter 810,580,0.94,987,810,2015-12-17 16:41:11
241,3yam5k,One Piece: Chapter 811,558,0.94,688,811,2015-12-26 16:51:07
242,40xij4,One Piece: Chapter 812,1141,0.93,1666,812,2016-01-14 14:17:11
243,41zy34,One Piece: Chapter 813,816,0.91,1289,813,2016-01-21 14:27:28
244,4330qo,One Piece: Chapter 814,724,0.91,1339,814,2016-01-28 13:06:41
245,4453ub,One Piece: Chapter 815,675,0.93,1005,815,2016-02-04 13:48:20
246,452np1,One Piece Chapter 816,2582,0.95,1005,816,2016-02-10 14:23:52
247,47itlk,One Piece: Chapter 817,938,0.92,1128,817,2016-02-25 14:21:58
248,48rwe2,One Piece - Chapter 818,2301,0.93,1726,818,2016-03-03 14:07:05
249,49tcp9,One Piece - Chapter 819,986,0.94,1404,819,2016-03-10 14:10:20
250,4anu6j,One Piece - Chapter 820,1208,0.93,2051,820,2016-03-16 14:41:32
251,4cpgic,One Piece - Chapter 821,1214,0.9,1611,821,2016-03-31 12:34:45
252,4dqlu4,One Piece - Chapter 822,1056,0.91,1433,822,2016-04-07 13:26:01
253,4eqv0m,One Piece - Chapter 823,1222,0.93,1644,823,2016-04-14 14:19:41
254,4fsqjn,One Piece - Chapter 824,1327,0.9,1905,824,2016-04-21 14:32:56
255,4hi8i6,One Piece - Chapter 825,886,0.95,932,825,2016-05-02 17:59:01
256,4k216d,One Piece - Chapter 826,1237,0.91,1268,826,2016-05-19 13:39:32
257,4l56xu,One Piece - Chapter 827,1059,0.92,1523,827,2016-05-26 15:04:37
258,4m6rl3,One Piece Chapter 828,818,0.92,1183,828,2016-06-02 13:50:51
259,4ocsfl,One Piece Chapter 829,920,0.86,1087,829,2016-06-16 13:09:54
260,4pgdz0,One Piece: Chapter 830,799,0.86,1260,830,2016-06-23 14:06:33
261,4ql83t,One Piece: Chapter 831,658,0.88,908,831,2016-06-30 13:46:35
262,4smudv,One Piece Chapter 832,801,0.89,1081,832,2016-07-13 14:16:13
263,4twkmb,One Piece: Chapter 833,943,0.87,1360,833,2016-07-21 13:47:13
264,4v0qak,One Piece Chapter 834,637,0.93,864,834,2016-07-28 15:37:05
265,4w3z7y,One Piece: Chapter 835,736,0.89,965,835,2016-08-04 12:58:17
266,4yc5vm,One Piece: Chapter 836,764,0.88,1029,836,2016-08-18 15:09:49
267,4zhy6q,One Piece Chapter 837,1115,0.88,1528,837,2016-08-25 13:07:26
268,50mz5z,One Piece Chapter 838,596,0.82,1134,838,2016-09-01 14:44:46
269,52pyfe,One Piece: Chapter 839,509,0.92,905,839,2016-09-14 13:14:58
270,53sj8i,One Piece: Chapter 840,1162,0.91,1683,840,2016-09-21 12:38:51
271,551ifn,One Piece: Chapter 841,1191,0.9,1648,841,2016-09-29 12:22:09
272,55yr6y,One Piece: Chapter 842,946,0.91,1119,842,2016-10-05 12:05:37
273,58gm1r,One Piece: Chapter 843,1219,0.89,1570,843,2016-10-20 14:42:45
274,59odlr,One Piece: Chapter 844,2984,0.92,1493,844,2016-10-27 16:51:20
275,5aqwnz,One Piece: Chapter 845,1442,0.92,1517,845,2016-11-02 17:31:23
276,5dfdxz,One Piece: Chapter 846,1582,0.9,1522,846,2016-11-17 12:50:44
277,5enggr,One Piece: Chapter 847,1330,0.88,1174,847,2016-11-24 13:07:20
278,5fw4gf,One Piece: Chapter 848,1336,0.88,1312,848,2016-12-01 12:36:45
279,5h6keu,One Piece: Chapter 849,1430,0.88,1340,849,2016-12-08 13:06:48
280,5jpsq2,One Piece: Chapter 850,2603,0.9,2401,850,2016-12-22 10:51:49
281,5kwt9h,One Piece: Chapter 851,1836,0.9,1585,851,2016-12-29 14:31:51
282,5nihyq,One Piece: Chapter 852 Discussion,1240,0.9,1364,852,2017-01-12 10:40:14
283,5q900s,One Piece: Chapter 853,1225,0.91,1237,853,2017-01-26 08:31:21
284,5rlh9h,One Piece: Chapter 854,1226,0.92,1061,854,2017-02-02 08:35:11
285,5syryj,One Piece: Chapter 855,1752,0.9,1238,855,2017-02-09 09:08:27
286,5udi7i,One Piece: Chapter 856,1628,0.91,1272,856,2017-02-16 08:49:36
287,5x24xa,One Piece: Chapter 857,1641,0.91,1417,857,2017-03-02 09:34:31
288,5ydzp4,One Piece: Chapter 858,1524,0.91,1331,858,2017-03-09 09:39:32
289,5ziahd,One Piece: Chapter 859,1181,0.94,1392,859,2017-03-15 10:02:20
290,610qvo,One Piece: Chapter 860,1671,0.9,1616,860,2017-03-23 09:58:23
291,62coql,One Piece: Chapter 861,1302,0.9,1212,861,2017-03-30 10:21:27
292,654a73,One Piece: Chapter 862,2698,0.89,2262,862,2017-04-13 10:40:23
293,66gmzx,One Piece: Chapter 863,3819,0.89,2308,863,2017-04-20 11:32:07
294,68ryzm,One Piece: Chapter 864,1815,0.92,1544,864,2017-05-02 10:42:03
295,6aifwg,One Piece: Chapter 865,1843,0.91,1696,865,2017-05-11 08:28:39
296,6d89b6,One Piece: Chapter 866,1598,0.9,1707,866,2017-05-25 10:03:17
297,6eltkd,One Piece: Chapter 867,2117,0.9,2252,867,2017-06-01 12:17:23
298,6fzon1,One Piece: Chapter 868,1846,0.89,1940,868,2017-06-08 10:26:57
299,6hdmdg,One Piece: Chapter 869,1860,0.91,1692,869,2017-06-15 09:52:00
300,6k6wkc,One Piece: Chapter 870,1521,0.97,1491,870,2017-06-29 09:55:17
301,6llgo0,One Piece: Chapter 871,2232,0.9,2191,871,2017-07-06 14:36:48
302,6mt30a,One Piece: Chapter 872,1961,0.91,1799,872,2017-07-12 12:31:51
303,6og3wy,One Piece: Chapter 873,1570,0.92,1385,873,2017-07-20 15:07:09
304,6riwdr,One Piece: Chapter 874,1687,0.93,1726,874,2017-08-04 09:21:47
305,6u9e87,One Piece: Chapter 875,1222,0.96,1445,875,2017-08-17 13:41:53
306,6vq2i3,One Piece: Chapter 876,1491,0.92,1403,876,2017-08-24 12:56:57
307,6x60i9,One Piece: Chapter 877,1852,0.92,1837,877,2017-08-31 12:22:01
308,6ztssg,One Piece: Chapter 878,2323,0.93,1879,878,2017-09-13 12:58:07
309,71pf7g,One Piece: Chapter 879,2011,0.93,2132,879,2017-09-22 09:17:10
310,7364yq,One Piece: Chapter 880,2147,0.93,2247,880,2017-09-29 08:41:44
311,74e60y,One Piece: Chapter 881,1804,0.93,1817,881,2017-10-05 08:19:21
312,77k5d5,One Piece: Chapter 882,1897,0.92,1749,882,2017-10-20 07:29:44
313,791cug,One Piece: Chapter 883,2616,0.93,2155,883,2017-10-27 07:46:03
314,7aas8n,One Piece: Chapter 884,2058,0.92,1699,884,2017-11-02 12:10:48
315,7bzhu3,One Piece: Chapter 885,1581,0.93,1487,885,2017-11-10 07:44:26
316,7ezmlj,One Piece: Chapter 886,2097,0.94,1943,886,2017-11-23 14:27:01
317,7gt9vl,One Piece: Chapter 887,1772,0.93,1532,887,2017-12-01 07:37:04
318,7id5af,One Piece: Chapter 888,2055,0.93,2028,888,2017-12-08 07:27:07
319,7lfbdk,One Piece: Chapter 889,1856,0.94,1490,889,2017-12-22 06:12:14
320,7mqvel,One Piece: Chapter 890,2246,0.93,2062,890,2017-12-29 01:56:46
321,7pvug2,One Piece: Chapter 891,2103,0.94,1872,891,2018-01-12 11:51:53
322,7t7u1d,One Piece: Chapter 892,1698,0.94,1598,892,2018-01-26 22:28:39
323,7up8wh,One Piece: Chapter 893,3048,0.93,2384,893,2018-02-02 06:44:59
324,7w2og5,One Piece: Chapter 894,2373,0.98,2532,894,2018-02-08 06:38:44
325,7xwjia,One Piece: Chapter 895,2886,0.93,2054,895,2018-02-16 06:09:24
326,81c34l,One Piece: Chapter 896,3440,0.93,3074,896,2018-03-02 06:37:15
327,834dsz,One Piece: Chapter 897,2083,0.94,1725,897,2018-03-09 06:37:11
328,84t1rv,One Piece: Chapter 898,2299,0.95,2363,898,2018-03-16 06:03:10
329,86ic85,One Piece: Chapter 899,2361,0.95,1902,899,2018-03-23 06:33:20
330,88879j,One Piece: Chapter 900,4415,0.93,3236,900,2018-03-30 07:49:51
331,8bwsri,One Piece: Chapter 901,2523,0.95,2546,901,2018-04-13 07:22:23
332,8dla2b,One Piece: Chapter 902,3021,0.94,2209,902,2018-04-20 07:35:21
333,8ffr4q,One Piece: Chapter 903,9571,0.94,3704,903,2018-04-28 00:57:24
334,8ilb7q,One Piece: Chapter 904,2471,0.94,1927,904,2018-05-11 07:11:23
335,8lzc76,One Piece: Chapter 905,2621,0.96,3534,905,2018-05-25 07:27:50
336,8npdh5,One Piece: Chapter 906,3342,0.95,4548,906,2018-06-01 07:15:37
337,8phubn,One Piece: Chapter 907,11532,0.91,6562,907,2018-06-08 09:00:12
338,8r85df,One Piece: Chapter 908,4747,0.95,4442,908,2018-06-15 06:13:32
339,8uqfdc,One Piece: Chapter 909,4486,0.95,2928,909,2018-06-29 06:48:55
340,8whgqa,One Piece: Chapter 910,2698,0.95,1873,910,2018-07-06 07:19:24
341,8y6wpm,One Piece: Chapter 911,2944,0.96,2723,911,2018-07-12 07:12:26
342,90d9ae,One Piece: Chapter 912,3089,0.95,2861,912,2018-07-20 07:23:45
343,946ri8,One Piece: Chapter 913,1962,0.97,1941,913,2018-08-03 07:04:40
344,97zgqq,One Piece: Chapter 914,1914,0.97,1710,914,2018-08-17 06:55:41
345,99umk5,One Piece: Chapter 915,1596,0.97,1469,915,2018-08-24 07:03:01
346,9bqo71,One Piece: Chapter 916,1954,0.97,1680,916,2018-08-31 06:45:35
347,9ffit8,One Piece: Chapter 917,1960,0.97,1910,917,2018-09-13 08:08:28
348,9hccc7,One Piece: Chapter 918,2328,0.97,2100,918,2018-09-20 06:41:25
349,9jk59j,One Piece: Chapter 919,2663,0.96,2540,919,2018-09-28 07:05:05
350,9l8wye,One Piece: Chapter 920,2349,0.96,2133,920,2018-10-04 07:01:43
351,9pgloj,One Piece: Chapter 921,4215,0.93,4279,921,2018-10-19 06:40:14
352,9rhvu6,One Piece: Chapter 922,3656,0.95,3559,922,2018-10-26 07:13:45
353,9th6v8,One Piece: Chapter 923,4087,0.93,3696,923,2018-11-02 06:05:11
354,9vhupk,One Piece: Chapter 924,3569,0.93,4125,924,2018-11-09 06:38:17
355,9zlnmm,One Piece: Chapter 925,5525,0.91,6385,925,2018-11-23 06:56:24
356,a1pojh,One Piece: Chapter 926,2309,0.98,3515,926,2018-11-30 06:46:33
357,a3x364,One Piece: Chapter 927,2577,0.91,2220,927,2018-12-07 06:59:40
358,a7uk5z,One Piece: Chapter 928,3138,0.87,3467,928,2018-12-20 06:00:29
359,aavcyb,One Piece: Chapter 929,3057,0.91,1885,929,2018-12-30 13:01:06
360,ah7uqq,One Piece: Chapter 930,3250,0.92,2065,930,2019-01-18 07:56:53
361,alyvh8,One Piece: Chapter 931,4703,0.9,3842,931,2019-02-01 06:41:02
362,ao0bjx,One Piece: Chapter 932,2904,0.92,2445,932,2019-02-07 06:15:42
363,aqt4s6,One Piece: Chapter 933,2981,0.89,2629,933,2019-02-15 06:07:03
364,atdwfj,One Piece: Chapter 934,2823,0.89,2632,934,2019-02-22 07:02:08
365,aymln1,One Piece: Chapter 935,2511,0.92,2358,935,2019-03-08 06:26:47
366,b1ar66,One Piece: Chapter 936,2864,0.9,2702,936,2019-03-15 06:06:54
367,b3mp1o,One Piece: Chapter 937,3244,0.92,3765,937,2019-03-21 06:21:57
368,b6tp27,One Piece: Chapter 938,3027,0.88,3548,938,2019-03-29 07:07:04
369,bc9tod,One Piece: Chapter 939,3807,0.88,3810,939,2019-04-12 07:11:41
370,bevkkv,One Piece: Chapter 940,2621,0.91,2541,940,2019-04-19 07:26:45
371,bh4xic,One Piece: Chapter 941,2915,0.91,2671,941,2019-04-25 07:26:49
372,bmucy9,One Piece: Chapter 942,3021,0.93,2674,942,2019-05-10 07:21:57
373,bscyii,One Piece: Chapter 943,3907,0.92,2635,943,2019-05-24 07:12:04
374,bv3lug,One Piece: Chapter 944,4305,0.92,3847,944,2019-05-31 07:27:08
375,bxqwrq,One Piece: Chapter 945,4188,0.91,4018,945,2019-06-07 07:26:43
376,c36p23,One Piece: Chapter 946,4097,0.9,3547,946,2019-06-21 07:37:02
377,c6g89e,One Piece: Chapter 947,3425,0.92,3131,947,2019-06-28 07:26:23
378,c9c6qy,One Piece: Chapter 948,3252,0.91,3704,948,2019-07-05 07:32:30
379,cf3i0i,One Piece: Chapter 949,3541,0.92,2671,949,2019-07-19 07:22:24
380,chzwli,One Piece: Chapter 950,3110,0.91,2265,950,2019-07-26 09:43:55
381,ckzqoh,One Piece: Chapter 951,3689,0.91,3637,951,2019-08-02 07:14:07
382,crbjl4,One Piece: Chapter 952,3673,0.91,2200,952,2019-08-16 21:53:23
383,cu9eb5,One Piece: Chapter 953,3571,0.91,2199,953,2019-08-23 07:21:40
384,cxcf4h,One Piece: Chapter 954,6061,0.88,5522,954,2019-08-30 07:09:22
385,d339s8,One Piece: Chapter 955,6581,0.91,6124,955,2019-09-12 07:25:26
386,d69ivn,One Piece: Chapter 956,8676,0.9,8959,956,2019-09-19 07:25:55
387,d9vxbl,One Piece: Chapter 957,20045,0.89,11585,957,2019-09-27 07:31:39
388,dd2y91,One Piece: Chapter 958,4401,0.93,3802,958,2019-10-04 07:21:26
389,djixfr,One Piece: Chapter 959,4704,0.91,3806,959,2019-10-18 07:30:41
390,dmsln4,One Piece: Chapter 960,4583,0.91,3286,960,2019-10-25 07:02:09
391,dpiyna,One Piece: Chapter 961,3862,0.93,2535,961,2019-10-31 06:11:53
392,dwly9t,One Piece: Chapter 962,3199,0.92,2313,962,2019-11-15 06:07:09
393,dzw9x3,One Piece: Chapter 963,4283,0.89,3092,963,2019-11-22 06:04:39
394,e3a15r,One Piece: Chapter 964,4128,0.92,3118,964,2019-11-29 06:02:55
395,ea040v,One Piece: Chapter 965,4593,0.91,4118,965,2019-12-13 07:04:01
396,ed7ypr,One Piece: Chapter 966,6053,0.91,3553,966,2019-12-20 10:32:54
397,egl5f4,One Piece: Chapter 967,7336,0.94,3549,967,2019-12-28 03:57:08
398,eqt27y,One Piece: Chapter 968,3124,0.94,1338,968,2020-01-19 07:53:19
399,eu3ew5,One Piece: Chapter 969,1131,0.97,738,969,2020-01-26 07:47:30
400,ewxj85,One Piece: Chapter 970,2640,0.94,2299,970,2020-02-01 01:04:48
401,f42t6z,One Piece: Chapter 971,2159,0.98,1256,971,2020-02-15 03:08:01
402,f7d7v8,One Piece: Chapter 972 - Official Release Discussion,4747,0.94,2746,972,2020-02-21 17:05:49
403,fee8mn,One Piece: Chapter 973,4972,0.92,3029,973,2020-03-06 15:30:37
404,fi7aat,One Piece: Chapter 974,5707,0.93,2768,974,2020-03-13 22:34:46
405,flro3r,One Piece: Chapter 975,4768,0.94,2802,975,2020-03-20 09:42:34
406,fu40qu,One Piece: Chapter 976,7136,0.95,5891,976,2020-04-03 09:34:53
407,fyubfe,One Piece: Chapter 977,3329,0.95,1926,977,2020-04-11 04:09:47
408,g76z1y,One Piece: Chapter 978,4552,0.92,3287,978,2020-04-24 13:47:20
409,gg31hk,One Piece: Chapter 979,1589,0.98,1449,979,2020-05-09 00:20:50
410,goday1,One Piece: Chapter 980,4032,0.94,4384,980,2020-05-22 07:24:38
411,gwy7jq,One Piece: Chapter 981,6320,0.92,6832,981,2020-06-05 07:04:00
412,h7eeo3,One Piece: Chapter 982,4818,0.93,5593,982,2020-06-12 07:01:43
413,hbw21f,One Piece: Chapter 983,4716,0.92,6408,983,2020-06-19 09:06:01
414,hkd3m8,One Piece: Chapter 984,6441,0.91,7662,984,2020-07-03 07:03:55
415,ht2yak,One Piece: Chapter 985,5587,0.93,5283,985,2020-07-17 22:12:24
416,i14z4h,One Piece: Chapter 986,6838,0.91,5819,986,2020-07-31 12:05:14
417,i58fv4,One Piece: Chapter 987,8228,0.93,6366,987,2020-08-07 07:56:50
418,idrz84,One Piece: Chapter 988,6962,0.91,5837,988,2020-08-21 08:59:27
419,imcto6,One Piece: Chapter 989,10821,0.9,6810,989,2020-09-04 11:22:56
420,iqo3cf,One Piece: Chapter 990,7944,0.91,5695,990,2020-09-11 12:41:13
421,izrq0p,One Piece: Chapter 991,6821,0.94,3621,991,2020-09-25 22:48:52
422,jbp7lt,One Piece: Chapter 992,6667,0.92,4499,992,2020-10-15 17:02:56
423,jgtd83,One Piece: Chapter 993,4809,0.92,3540,993,2020-10-23 20:57:32
424,jkkzeu,One Piece: Chapter 994,4332,0.96,3745,994,2020-10-30 00:04:05
425,jtcol9,One Piece: Chapter 995,6515,0.91,5886,995,2020-11-13 08:09:57
426,jx15u3,One Piece: Chapter 996,6320,0.91,5305,996,2020-11-19 12:36:24
427,k1v7cs,One Piece: Chapter 997,7703,0.9,7495,997,2020-11-27 06:33:17
428,kaym8z,One Piece: Chapter 998,6543,0.92,5932,998,2020-12-11 09:01:41
429,kfhfia,One Piece: Chapter 999,10174,0.92,6047,999,2020-12-18 09:38:31
430,kks47m,One Piece: Chapter 1000,37700,0.95,16006,1000,2020-12-27 00:10:46
431,kxpq5v,One Piece: Chapter 1001,10455,0.92,8196,1001,2021-01-15 08:35:58
432,l7li4l,One Piece: Chapter 1002,9512,0.92,8233,1002,2021-01-29 07:30:35
433,ld1rhu,One Piece: Chapter 1003,8767,0.92,8179,1003,2021-02-05 08:05:24
434,li6me6,One Piece: Chapter 1004,7447,0.92,7614,1004,2021-02-12 09:01:49
435,lsta9h,One Piece: Chapter 1005,7029,0.93,6083,1005,2021-02-26 09:26:37
436,ly78qf,One Piece Chapter 1006,6597,0.93,3860,1006,2021-03-05 09:09:37
437,m3cs1g,One Piece: Chapter 1007,8411,0.92,7958,1007,2021-03-12 08:46:26
438,mdiiw9,One Piece: Chapter 1008,7030,0.93,5107,1008,2021-03-26 07:40:13
439,mie5k3,One Piece: Chapter 1009,9302,0.91,6956,1009,2021-04-02 07:59:16
440,mnbt0v,One Piece: Chapter 1010,18852,0.93,13371,1010,2021-04-09 09:12:52
441,mwpsdv,One Piece: Chapter 1011,8832,0.92,6283,1011,2021-04-23 09:20:24
442,n6t5ja,One Piece: Chapter 1012,8436,0.92,4928,1012,2021-05-07 09:46:28
443,nc2wm1,One Piece: Chapter 1013,7751,0.93,6564,1013,2021-05-14 09:33:38
444,nms0lg,One Piece: Chapter 1014,9588,0.92,7903,1014,2021-05-28 09:04:00
445,nrze4q,One Piece: Chapter 1015,9670,0.92,6917,1015,2021-06-04 09:40:45
446,nx9oi4,One Piece: Chapter 1016,8369,0.92,6193,1016,2021-06-11 09:00:49
447,o7ihff,One Piece: Chapter 1017,8427,0.92,7360,1017,2021-06-25 09:02:01
448,oc4xp9,One Piece: Chapter 1018,6904,0.93,5092,1018,2021-07-02 09:10:13
449,olblk7,One Piece: Chapter 1019,7465,0.93,5262,1019,2021-07-16 09:01:03
450,oug7az,One Piece: Chapter 1020,7539,0.93,4136,1020,2021-07-30 09:45:20
451,oz1pot,One Piece: Chapter 1021,8502,0.91,7618,1021,2021-08-06 09:15:25
452,p7xaxc,One Piece: Chapter 1022,9499,0.92,7136,1022,2021-08-20 09:25:38
453,pciqfk,One Piece: Chapter 1023,11037,0.92,9704,1023,2021-08-27 09:42:58
454,ph00oa,One Piece: Chapter 1024,8579,0.93,9631,1024,2021-09-03 09:00:26
455,plfq7e,One Piece: Chapter 1025,8481,0.93,7068,1025,2021-09-10 08:41:13
456,pudw2z,One Piece: Chapter 1026,11032,0.92,7949,1026,2021-09-24 08:18:17
457,pz2luo,One Piece: Chapter 1027,7347,0.92,6909,1027,2021-10-01 08:59:54
458,q3shbo,One Piece: Chapter 1028,8441,0.92,8690,1028,2021-10-08 09:01:15
459,qdbc7w,One Piece: Chapter 1029,7540,0.93,5891,1029,2021-10-22 09:01:38
460,qi6x4y,One Piece: Chapter 1030,7488,0.91,8584,1030,2021-10-29 09:00:09
461,qn6fdp,One Piece: Chapter 1031,8142,0.92,7344,1031,2021-11-05 09:20:01
462,qxbfpv,One Piece: Chapter 1032,6826,0.93,5792,1032,2021-11-19 09:00:32
463,r2ihpq,One Piece: Chapter 1033,10320,0.91,7168,1033,2021-11-26 09:21:13
464,r7u0hk,One Piece: Chapter 1034,6987,0.93,6524,1034,2021-12-03 09:01:00
465,ribqav,One Piece: Chapter 1035,7624,0.93,8221,1035,2021-12-17 08:10:05
466,rpiewh,One Piece: Chapter 1036,6772,0.93,4352,1036,2021-12-27 09:03:39
467,s3l96y,One Piece: Chapter 1037,9408,0.92,8719,1037,2022-01-14 07:14:37
468,sekftc,One Piece: Chapter 1038,6714,0.93,5822,1038,2022-01-28 07:44:12
469,sk6yhi,One Piece: Chapter 1039,8593,0.92,8211,1039,2022-02-04 08:02:05
470,spsmta,One Piece: Chapter 1040,7973,0.91,7159,1040,2022-02-11 07:35:34
471,t0zbh1,One Piece: Chapter 1041,6799,0.91,5071,1041,2022-02-25 09:51:09
472,t0zbh1,One Piece: Chapter 1041,6810,0.91,5071,1042,2022-02-25 09:51:09
473,tbfkuc,One Piece: Chapter 1043,20106,0.9,18046,1043,2022-03-11 03:24:34
474,tnb10t,One Piece: Chapter 1044,35337,0.91,36732,1044,2022-03-25 02:38:20
